Min Duration,Max Duration,Mean Duration,Error,loss,val_loss
190.0,3833.0,1753.2488928255093,0.10147693660804105,0.01771732233464718,0.01771732233464718
