Min Duration,Max Duration,Mean Duration,Error,loss,val_loss
190.0,3833.0,1753.2488928255093,0.10520246628567409,0.018857261165976524,0.018857261165976524
